{
  "frequencies": [
    1.0,
    2.0,
    3.0,
    4.0
  ],
  "phases": [
    0.0,
    0.5235987755982988,
    1.0471975511965976,
    1.5707963267948966
  ],
  "amplitude": 1.0,
  "shape": [
    100,
    4
  ]
}